Workbook

Sheet Mau THKQRL
A1: TRƯỜNG ĐẠI HỌC SƯ PHẠM KỸ THUẬT HƯNG YÊN | E1: CỘNG HÒA XÃ HỘI CHỦ NGHĨA VIỆT NAM
A2: KHOA CÔNG NGHỆ THÔNG TIN | E2: Độc lập - Tự do - Hạnh phúc
A4: BẢNG TỔNG HỢP ĐIỂM RÈN LUYỆN
A5: Mã lớp: | B5: 125254 | C5: =IF(B5="12522W.3","Tên lớp: SEK20.3",IF(B5=125254,"Tên lớp: SEK23.4","")) -> Tên lớp: SEK23.4
A6: STT | B6: Mã HSSV | C6: Họ và tên | D6: Ngày sinh | E6: Tiêu chuẩn 1 | F6: Tiêu chuẩn 2 | G6: Tiêu chuẩn 3 | H6: Tiêu chuẩn 4 | I6: Tiêu chuẩn 5 | J6: Tổng | K6: Xếp Loại
A7: 1 | E7: ='Điểm TC 1'!L3 -> 10 | F7: ='Điểm TC 2'!J3 -> 25 | G7: ='Điểm TC 3'!G3 -> 18 | H7: ='Điểm TC 4'!H3 -> 19 | I7: ='Điểm TC 5'!G3 -> 0 | J7: =SUM(E7:I7) -> 72 | K7: =IF(J7>=90,"Xuất sắc",IF(J7>=80,"Tốt",IF(J7>=65,"Khá",IF(J7>=50,"TB",IF(J7>=35,"Yếu","Kém"))))) -> Khá | M7: 1. Nhập mã lớp vào ô B5
A8: 2 | E8: ='Điểm TC 1'!L4 -> 10 | F8: ='Điểm TC 2'!J4 -> 25 | G8: ='Điểm TC 3'!G4 -> 18 | H8: ='Điểm TC 4'!H4 -> 19 | I8: ='Điểm TC 5'!G4 -> 0 | J8: =SUM(E8:I8) -> 72 | K8: =IF(J8>=90,"Xuất sắc",IF(J8>=80,"Tốt",IF(J8>=65,"Khá",IF(J8>=50,"TB",IF(J8>=35,"Yếu","Kém"))))) -> Khá | M8: 2. Copy DSSV vào cột B, C, D
A9: 3 | E9: ='Điểm TC 1'!L5 -> 10 | F9: ='Điểm TC 2'!J5 -> 25 | G9: ='Điểm TC 3'!G5 -> 18 | H9: ='Điểm TC 4'!H5 -> 19 | I9: ='Điểm TC 5'!G5 -> 0 | J9: =SUM(E9:I9) -> 72 | K9: =IF(J9>=90,"Xuất sắc",IF(J9>=80,"Tốt",IF(J9>=65,"Khá",IF(J9>=50,"TB",IF(J9>=35,"Yếu","Kém"))))) -> Khá
A10: 4 | E10: ='Điểm TC 1'!L6 -> 10 | F10: ='Điểm TC 2'!J6 -> 25 | G10: ='Điểm TC 3'!G6 -> 18 | H10: ='Điểm TC 4'!H6 -> 19 | I10: ='Điểm TC 5'!G6 -> 0 | J10: =SUM(E10:I10) -> 72 | K10: =IF(J10>=90,"Xuất sắc",IF(J10>=80,"Tốt",IF(J10>=65,"Khá",IF(J10>=50,"TB",IF(J10>=35,"Yếu","Kém"))))) -> Khá
A11: 5 | E11: ='Điểm TC 1'!L7 -> 10 | F11: ='Điểm TC 2'!J7 -> 25 | G11: ='Điểm TC 3'!G7 -> 18 | H11: ='Điểm TC 4'!H7 -> 19 | I11: ='Điểm TC 5'!G7 -> 0 | J11: =SUM(E11:I11) -> 72 | K11: =IF(J11>=90,"Xuất sắc",IF(J11>=80,"Tốt",IF(J11>=65,"Khá",IF(J11>=50,"TB",IF(J11>=35,"Yếu","Kém"))))) -> Khá
A12: 6 | E12: ='Điểm TC 1'!L8 -> 10 | F12: ='Điểm TC 2'!J8 -> 25 | G12: ='Điểm TC 3'!G8 -> 18 | H12: ='Điểm TC 4'!H8 -> 19 | I12: ='Điểm TC 5'!G8 -> 0 | J12: =SUM(E12:I12) -> 72 | K12: =IF(J12>=90,"Xuất sắc",IF(J12>=80,"Tốt",IF(J12>=65,"Khá",IF(J12>=50,"TB",IF(J12>=35,"Yếu","Kém"))))) -> Khá
A13: 7 | E13: ='Điểm TC 1'!L9 -> 10 | F13: ='Điểm TC 2'!J9 -> 25 | G13: ='Điểm TC 3'!G9 -> 18 | H13: ='Điểm TC 4'!H9 -> 19 | I13: ='Điểm TC 5'!G9 -> 0 | J13: =SUM(E13:I13) -> 72 | K13: =IF(J13>=90,"Xuất sắc",IF(J13>=80,"Tốt",IF(J13>=65,"Khá",IF(J13>=50,"TB",IF(J13>=35,"Yếu","Kém"))))) -> Khá
A14: 8 | E14: ='Điểm TC 1'!L10 -> 10 | F14: ='Điểm TC 2'!J10 -> 25 | G14: ='Điểm TC 3'!G10 -> 18 | H14: ='Điểm TC 4'!H10 -> 19 | I14: ='Điểm TC 5'!G10 -> 0 | J14: =SUM(E14:I14) -> 72 | K14: =IF(J14>=90,"Xuất sắc",IF(J14>=80,"Tốt",IF(J14>=65,"Khá",IF(J14>=50,"TB",IF(J14>=35,"Yếu","Kém"))))) -> Khá
A15: 9 | E15: ='Điểm TC 1'!L11 -> 10 | F15: ='Điểm TC 2'!J11 -> 25 | G15: ='Điểm TC 3'!G11 -> 18 | H15: ='Điểm TC 4'!H11 -> 19 | I15: ='Điểm TC 5'!G11 -> 0 | J15: =SUM(E15:I15) -> 72 | K15: =IF(J15>=90,"Xuất sắc",IF(J15>=80,"Tốt",IF(J15>=65,"Khá",IF(J15>=50,"TB",IF(J15>=35,"Yếu","Kém"))))) -> Khá
A16: 10 | E16: ='Điểm TC 1'!L12 -> 10 | F16: ='Điểm TC 2'!J12 -> 25 | G16: ='Điểm TC 3'!G12 -> 18 | H16: ='Điểm TC 4'!H12 -> 19 | I16: ='Điểm TC 5'!G12 -> 8 | J16: =SUM(E16:I16) -> 80 | K16: =IF(J16>=90,"Xuất sắc",IF(J16>=80,"Tốt",IF(J16>=65,"Khá",IF(J16>=50,"TB",IF(J16>=35,"Yếu","Kém"))))) -> Tốt
A17: 11 | E17: ='Điểm TC 1'!L13 -> 10 | F17: ='Điểm TC 2'!J13 -> 25 | G17: ='Điểm TC 3'!G13 -> 18 | H17: ='Điểm TC 4'!H13 -> 19 | I17: ='Điểm TC 5'!G13 -> 0 | J17: =SUM(E17:I17) -> 72 | K17: =IF(J17>=90,"Xuất sắc",IF(J17>=80,"Tốt",IF(J17>=65,"Khá",IF(J17>=50,"TB",IF(J17>=35,"Yếu","Kém"))))) -> Khá
A18: 12 | E18: ='Điểm TC 1'!L14 -> 10 | F18: ='Điểm TC 2'!J14 -> 25 | G18: ='Điểm TC 3'!G14 -> 18 | H18: ='Điểm TC 4'!H14 -> 19 | I18: ='Điểm TC 5'!G14 -> 0 | J18: =SUM(E18:I18) -> 72 | K18: =IF(J18>=90,"Xuất sắc",IF(J18>=80,"Tốt",IF(J18>=65,"Khá",IF(J18>=50,"TB",IF(J18>=35,"Yếu","Kém"))))) -> Khá
A19: 13 | E19: ='Điểm TC 1'!L15 -> 10 | F19: ='Điểm TC 2'!J15 -> 25 | G19: ='Điểm TC 3'!G15 -> 18 | H19: ='Điểm TC 4'!H15 -> 19 | I19: ='Điểm TC 5'!G15 -> 0 | J19: =SUM(E19:I19) -> 72 | K19: =IF(J19>=90,"Xuất sắc",IF(J19>=80,"Tốt",IF(J19>=65,"Khá",IF(J19>=50,"TB",IF(J19>=35,"Yếu","Kém"))))) -> Khá
A20: 14 | E20: ='Điểm TC 1'!L16 -> 10 | F20: ='Điểm TC 2'!J16 -> 25 | G20: ='Điểm TC 3'!G16 -> 18 | H20: ='Điểm TC 4'!H16 -> 19 | I20: ='Điểm TC 5'!G16 -> 0 | J20: =SUM(E20:I20) -> 72 | K20: =IF(J20>=90,"Xuất sắc",IF(J20>=80,"Tốt",IF(J20>=65,"Khá",IF(J20>=50,"TB",IF(J20>=35,"Yếu","Kém"))))) -> Khá
... A38: 32 | E38: ='Điểm TC 1'!L34 -> 10 | F38: ='Điểm TC 2'!J34 -> 25 | G38: ='Điểm TC 3'!G34 -> 18 | H38: ='Điểm TC 4'!H34 -> 19 | I38: ='Điểm TC 5'!G34 -> 0 | J38: =SUM(E38:I38) -> 72 | K38: =IF(J38>=90,"Xuất sắc",IF(J38>=80,"Tốt",IF(J38>=65,"Khá",IF(J38>=50,"TB",IF(J38>=35,"Yếu","Kém"))))) -> Khá
B40: Loại Xuất sắc | C40: ="= "&COUNTIF($K$7:$K$38,"Xuất sắc")&" / "&COUNTA($K$7:$K$38) -> = 0 / 32 | D40: =COUNTIF($K$7:$K$38,"Xuất sắc")/COUNTA($K$7:$K$38) -> 0 | F40: Loại T.Bình | I40: ="= "&COUNTIF($K$7:$K$38,"TB")&" / "&COUNTA($K$7:$K$38) -> = 0 / 32 | J40: =COUNTIF($K$7:$K$38,"TB")/COUNTA($K$7:$K$38) -> 0 | O40: =J42+J41+J40+D40+D41+D42 -> 1
B41: Loại Tốt | C41: ="= "&COUNTIF($K$7:$K$239,"Tốt")&" / "&COUNTA($K$7:$K$38) -> = 3 / 32 | D41: =COUNTIF($K$7:$K$38,"Tốt")/COUNTA($K$7:$K$38) -> 0.09375 | F41: Loại Yếu | I41: ="= "&COUNTIF($K$7:$K$38,"Yếu")&" / "&COUNTA($K$7:$K$38) -> = 0 / 32 | J41: =COUNTIF($K$7:$K$38,"Yếu")/COUNTA($K$7:$K$38) -> 0
B42: Loại Khá | C42: ="= "&COUNTIF($K$7:$K$38,"Khá")&" / "&COUNTA($K$7:$K$38) -> = 29 / 32 | D42: =COUNTIF($K$7:$K$38,"Khá")/COUNTA($K$7:$K$38) -> 0.90625 | F42: Loại Kém | I42: ="= "&COUNTIF($K$7:$K$38,"Kém")&" / "&COUNTA($K$7:$K$38) -> = 0 / 32 | J42: =COUNTIF($K$7:$K$38,"Kém")/COUNTA($K$7:$K$38) -> 0
F44: ="Hưng Yên, ngày "&DAY(TODAY())&" tháng "&MONTH(TODAY())&" năm "&YEAR(NOW()) -> Hưng Yên, ngày 4 tháng 6 năm 2026
B45: TRƯỞNG KHOA | D45: GVCN LỚP | F45: LỚP TRƯỞNG

Sheet Điểm TC 1
A1: STT | B1: Mã HSSV | C1: Họ và tên | D1: Điểm TB | E1: Số TC học lại | F1: % học lại | G1: Ý thức và thái độ trong học tập | H1: Ý thức và thái độ tham gia các câu lạc bộ học thuật, các hoạt động học thuật, hoạt động ngoại khóa, hoạt động nghiên cứu khoa học. | I1: Ý thức và thái độ tham gia các kỳ thi, cuộc thi | J1: Tinh thần vượt khó, vươn lên trong học tập | K1: Kết quả học tập | L1: Tổng điểm
F2: 20 | G2: 5 | H2: Thành viên CLB: max 3; NCKH khoa: 1; NCKH trường: 2-3 | I2: Tham gia đầy đủ: 1; Olympic trg: 1; Khoá học: 1; Olympic tỉnh: 2 | J2: 4 | K2: 6 | L2: 20
A3: 1 | F3: =E3/$F$2 -> 0 | G3: 5 | H3: 0 | I3: 1 | J3: =IF(F3=0%,4,IF(F3<10%,3,IF(F3<=20%,2,IF(F3<=30%,1,0)))) -> 4 | K3: =IF(D3<5,0,IF(D3<6,2,IF(D3<7,3,IF(D3<8,4,IF(D3<9,5,6))))) -> 0 | L3: =SUM(G3:K3) -> 10 | N3: 1. Nhập điểm TB của SV vào cột D
A4: 2 | F4: =E4/$F$2 -> 0 | G4: 5 | H4: 0 | I4: 1 | J4: =IF(F4=0%,4,IF(F4<10%,3,IF(F4<=20%,2,IF(F4<=30%,1,0)))) -> 4 | K4: =IF(D4<5,0,IF(D4<6,2,IF(D4<7,3,IF(D4<8,4,IF(D4<9,5,6))))) -> 0 | L4: =SUM(G4:K4) -> 10 | N4: 2. GV tự tính số TC học lại (đã có công thức tính tại cột BM, sheet DTB), ghi vào cột E
A5: 3 | F5: =E5/$F$2 -> 0 | G5: 5 | H5: 0 | I5: 1 | J5: =IF(F5=0%,4,IF(F5<10%,3,IF(F5<=20%,2,IF(F5<=30%,1,0)))) -> 4 | K5: =IF(D5<5,0,IF(D5<6,2,IF(D5<7,3,IF(D5<8,4,IF(D5<9,5,6))))) -> 0 | L5: =SUM(G5:K5) -> 10 | N5: 3. Cột G, H, I GV tự nhập
A6: 4 | F6: =E6/$F$2 -> 0 | G6: 5 | H6: 0 | I6: 1 | J6: =IF(F6=0%,4,IF(F6<10%,3,IF(F6<=20%,2,IF(F6<=30%,1,0)))) -> 4 | K6: =IF(D6<5,0,IF(D6<6,2,IF(D6<7,3,IF(D6<8,4,IF(D6<9,5,6))))) -> 0 | L6: =SUM(G6:K6) -> 10 | N6: 4. Tổng số tín chỉ trong kỳ, điền vào cột F2
A7: 5 | F7: =E7/$F$2 -> 0 | G7: 5 | H7: 0 | I7: 1 | J7: =IF(F7=0%,4,IF(F7<10%,3,IF(F7<=20%,2,IF(F7<=30%,1,0)))) -> 4 | K7: =IF(D7<5,0,IF(D7<6,2,IF(D7<7,3,IF(D7<8,4,IF(D7<9,5,6))))) -> 0 | L7: =SUM(G7:K7) -> 10
A8: 6 | F8: =E8/$F$2 -> 0 | G8: 5 | H8: 0 | I8: 1 | J8: =IF(F8=0%,4,IF(F8<10%,3,IF(F8<=20%,2,IF(F8<=30%,1,0)))) -> 4 | K8: =IF(D8<5,0,IF(D8<6,2,IF(D8<7,3,IF(D8<8,4,IF(D8<9,5,6))))) -> 0 | L8: =SUM(G8:K8) -> 10
A9: 7 | F9: =E9/$F$2 -> 0 | G9: 5 | H9: 0 | I9: 1 | J9: =IF(F9=0%,4,IF(F9<10%,3,IF(F9<=20%,2,IF(F9<=30%,1,0)))) -> 4 | K9: =IF(D9<5,0,IF(D9<6,2,IF(D9<7,3,IF(D9<8,4,IF(D9<9,5,6))))) -> 0 | L9: =SUM(G9:K9) -> 10
A10: 8 | F10: =E10/$F$2 -> 0 | G10: 5 | H10: 0 | I10: 1 | J10: =IF(F10=0%,4,IF(F10<10%,3,IF(F10<=20%,2,IF(F10<=30%,1,0)))) -> 4 | K10: =IF(D10<5,0,IF(D10<6,2,IF(D10<7,3,IF(D10<8,4,IF(D10<9,5,6))))) -> 0 | L10: =SUM(G10:K10) -> 10
A11: 9 | F11: =E11/$F$2 -> 0 | G11: 5 | H11: 0 | I11: 1 | J11: =IF(F11=0%,4,IF(F11<10%,3,IF(F11<=20%,2,IF(F11<=30%,1,0)))) -> 4 | K11: =IF(D11<5,0,IF(D11<6,2,IF(D11<7,3,IF(D11<8,4,IF(D11<9,5,6))))) -> 0 | L11: =SUM(G11:K11) -> 10
A12: 10 | F12: =E12/$F$2 -> 0 | G12: 5 | H12: 0 | I12: 1 | J12: =IF(F12=0%,4,IF(F12<10%,3,IF(F12<=20%,2,IF(F12<=30%,1,0)))) -> 4 | K12: =IF(D12<5,0,IF(D12<6,2,IF(D12<7,3,IF(D12<8,4,IF(D12<9,5,6))))) -> 0 | L12: =SUM(G12:K12) -> 10
A13: 11 | F13: =E13/$F$2 -> 0 | G13: 5 | H13: 0 | I13: 1 | J13: =IF(F13=0%,4,IF(F13<10%,3,IF(F13<=20%,2,IF(F13<=30%,1,0)))) -> 4 | K13: =IF(D13<5,0,IF(D13<6,2,IF(D13<7,3,IF(D13<8,4,IF(D13<9,5,6))))) -> 0 | L13: =SUM(G13:K13) -> 10
A14: 12 | F14: =E14/$F$2 -> 0 | G14: 5 | H14: 0 | I14: 1 | J14: =IF(F14=0%,4,IF(F14<10%,3,IF(F14<=20%,2,IF(F14<=30%,1,0)))) -> 4 | K14: =IF(D14<5,0,IF(D14<6,2,IF(D14<7,3,IF(D14<8,4,IF(D14<9,5,6))))) -> 0 | L14: =SUM(G14:K14) -> 10
A15: 13 | F15: =E15/$F$2 -> 0 | G15: 5 | H15: 0 | I15: 1 | J15: =IF(F15=0%,4,IF(F15<10%,3,IF(F15<=20%,2,IF(F15<=30%,1,0)))) -> 4 | K15: =IF(D15<5,0,IF(D15<6,2,IF(D15<7,3,IF(D15<8,4,IF(D15<9,5,6))))) -> 0 | L15: =SUM(G15:K15) -> 10
A16: 14 | F16: =E16/$F$2 -> 0 | G16: 5 | H16: 0 | I16: 1 | J16: =IF(F16=0%,4,IF(F16<10%,3,IF(F16<=20%,2,IF(F16<=30%,1,0)))) -> 4 | K16: =IF(D16<5,0,IF(D16<6,2,IF(D16<7,3,IF(D16<8,4,IF(D16<9,5,6))))) -> 0 | L16: =SUM(G16:K16) -> 10
A17: 15 | F17: =E17/$F$2 -> 0 | G17: 5 | H17: 0 | I17: 1 | J17: =IF(F17=0%,4,IF(F17<10%,3,IF(F17<=20%,2,IF(F17<=30%,1,0)))) -> 4 | K17: =IF(D17<5,0,IF(D17<6,2,IF(D17<7,3,IF(D17<8,4,IF(D17<9,5,6))))) -> 0 | L17: =SUM(G17:K17) -> 10
A18: 16 | F18: =E18/$F$2 -> 0 | G18: 5 | H18: 0 | I18: 1 | J18: =IF(F18=0%,4,IF(F18<10%,3,IF(F18<=20%,2,IF(F18<=30%,1,0)))) -> 4 | K18: =IF(D18<5,0,IF(D18<6,2,IF(D18<7,3,IF(D18<8,4,IF(D18<9,5,6))))) -> 0 | L18: =SUM(G18:K18) -> 10
... A34: 32 | F34: =E34/$F$2 -> 0 | G34: 5 | H34: 0 | I34: 1 | J34: =IF(F34=0%,4,IF(F34<10%,3,IF(F34<=20%,2,IF(F34<=30%,1,0)))) -> 4 | K34: =IF(D34<5,0,IF(D34<6,2,IF(D34<7,3,IF(D34<8,4,IF(D34<9,5,6))))) -> 0 | L34: =SUM(G34:K34) -> 10

Sheet Điểm TC 2
A1: STT | B1: Mã HSSV | C1: Họ và tên | D1: Ý thức chấp hành văn bản, chỉ đạo của nhà trường | E1: ý thức thực hiện quy chế thi, kiểm tra | F1: Thực hiện tốt nghĩa vụ của SV trong nhà trường (học phí, BH) | G1: Thực hiện tốt quy chế nội trú, ngoại trú | H1: Thực hiện tốt vệ sinh môi trường, nơi ở | I1: Ý thức học tập, trau dồi kỹ năng sống | J1: Tổng điểm TC 2
D2: 3 | E2: 4 | F2: 6 | G2: 4 | H2: 4 | I2: 4 | J2: 25
A3: 1 | D3: 3 | E3: 4 | F3: 6 | G3: 4 | H3: 4 | I3: 4 | J3: =SUM(D3:I3) -> 25 | L3: 1. GV copy DSSV vào cột B, C
A4: 2 | D4: 3 | E4: 4 | F4: 6 | G4: 4 | H4: 4 | I4: 4 | J4: =SUM(D4:I4) -> 25 | L4: 2. Nếu SV nợ học phí hoặc chưa nộp bảo hiểm tiêu chuẩn 2 trừ 6 điểm
A5: 3 | D5: 3 | E5: 4 | F5: 6 | G5: 4 | H5: 4 | I5: 4 | J5: =SUM(D5:I5) -> 25
A6: 4 | D6: 3 | E6: 4 | F6: 6 | G6: 4 | H6: 4 | I6: 4 | J6: =SUM(D6:I6) -> 25
A7: 5 | D7: 3 | E7: 4 | F7: 6 | G7: 4 | H7: 4 | I7: 4 | J7: =SUM(D7:I7) -> 25
A8: 6 | D8: 3 | E8: 4 | F8: 6 | G8: 4 | H8: 4 | I8: 4 | J8: =SUM(D8:I8) -> 25
A9: 7 | D9: 3 | E9: 4 | F9: 6 | G9: 4 | H9: 4 | I9: 4 | J9: =SUM(D9:I9) -> 25
A10: 8 | D10: 3 | E10: 4 | F10: 6 | G10: 4 | H10: 4 | I10: 4 | J10: =SUM(D10:I10) -> 25
A11: 9 | D11: 3 | E11: 4 | F11: 6 | G11: 4 | H11: 4 | I11: 4 | J11: =SUM(D11:I11) -> 25
A12: 10 | D12: 3 | E12: 4 | F12: 6 | G12: 4 | H12: 4 | I12: 4 | J12: =SUM(D12:I12) -> 25
A13: 11 | D13: 3 | E13: 4 | F13: 6 | G13: 4 | H13: 4 | I13: 4 | J13: =SUM(D13:I13) -> 25
A14: 12 | D14: 3 | E14: 4 | F14: 6 | G14: 4 | H14: 4 | I14: 4 | J14: =SUM(D14:I14) -> 25
A15: 13 | D15: 3 | E15: 4 | F15: 6 | G15: 4 | H15: 4 | I15: 4 | J15: =SUM(D15:I15) -> 25
A16: 14 | D16: 3 | E16: 4 | F16: 6 | G16: 4 | H16: 4 | I16: 4 | J16: =SUM(D16:I16) -> 25
... A34: 32 | D34: 3 | E34: 4 | F34: 6 | G34: 4 | H34: 4 | I34: 4 | J34: =SUM(D34:I34) -> 25

Sheet Điểm TC 3
A1: STT | B1: Mã HSSV | C1: Họ và tên | D1: Tham gia sinh hoạt tuần công dân, các hoạt động nhà trường tổ chức | E1: Ý thức tham gia các hoạt động công ích, tình nguyện | F1: Tham gia tuyên truyền, phòng chống tội phạm' | G1: Tổng điểm TC 3
D2: Tham gia SHCD: 5; tham gia cuộc thi, VHVN, TDTT: 5 | E2: Like, share: 1; hoạt động cấp khoa: 3; hoạt động cấp trường: 5 | F2: Không vi phạm: 3; Tuyên truyền: 2 | G2: 20
A3: 1 | D3: 10 | E3: 3 | F3: 5 | G3: =SUM(D3:F3) -> 18 | I3: 1. Mục III.1: SV không làm bài thu hoạch/trượt, trừ 5 đ còn ko đánh giá 10đ
A4: 2 | D4: 10 | E4: 3 | F4: 5 | G4: =SUM(D4:F4) -> 18 | I4: 2. Mục III.2: mặc định SV được cộng 3đ,. Nếu có tên trong DS của Đoàn cung cấp (III.1; III.2) cộng thêm 2đ thành 5đ
A5: 3 | D5: 10 | E5: 3 | F5: 5 | G5: =SUM(D5:F5) -> 18 | I5: 3.Mục III.3: mặc định SV được cộng 5đ
A6: 4 | D6: 10 | E6: 3 | F6: 5 | G6: =SUM(D6:F6) -> 18
A7: 5 | D7: 10 | E7: 3 | F7: 5 | G7: =SUM(D7:F7) -> 18
A8: 6 | D8: 10 | E8: 3 | F8: 5 | G8: =SUM(D8:F8) -> 18
A9: 7 | D9: 10 | E9: 3 | F9: 5 | G9: =SUM(D9:F9) -> 18
A10: 8 | D10: 10 | E10: 3 | F10: 5 | G10: =SUM(D10:F10) -> 18
A11: 9 | D11: 10 | E11: 3 | F11: 5 | G11: =SUM(D11:F11) -> 18
A12: 10 | D12: 10 | E12: 3 | F12: 5 | G12: =SUM(D12:F12) -> 18
A13: 11 | D13: 10 | E13: 3 | F13: 5 | G13: =SUM(D13:F13) -> 18
A14: 12 | D14: 10 | E14: 3 | F14: 5 | G14: =SUM(D14:F14) -> 18
A15: 13 | D15: 10 | E15: 3 | F15: 5 | G15: =SUM(D15:F15) -> 18
A16: 14 | D16: 10 | E16: 3 | F16: 5 | G16: =SUM(D16:F16) -> 18
A17: 15 | D17: 10 | E17: 3 | F17: 5 | G17: =SUM(D17:F17) -> 18
... A34: 32 | D34: 10 | E34: 3 | F34: 5 | G34: =SUM(D34:F34) -> 18

Sheet Điểm TC 4
A1: STT | B1: Mã HSSV | C1: Họ và tên | D1: ĐTB | E1: Ý thức chấp hành, tuyên truyền chủ trương của Đảng | F1: Ý thức tham gia các hoạt động xã hội | G1: Công tác từ thiện | H1: Tổng điểm TC 4
E2: Chấp hành: 8; tham gia tuyên truyền: 2 | F2: tham gia 1 ngày: 2; tham gia 2-4 ngày: 5; tham gia >5 ngày: 7 | G2: Tham gia hiến máu: 4; tham gia ủng hộ hoạt động thiện nguyện: 4 | H2: 25
A3: 1 | E3: 10 | F3: 5 | G3: 4 | H3: =SUM(E3:G3) -> 19 | J3: 1. Mục IV.1: Nếu nợ học phí hoặc chưa nộp bảo hiểm, trừ 10 điểm. Còn ko vi phạm để 10đ
A4: 2 | E4: 10 | F4: 5 | G4: 4 | H4: =SUM(E4:G4) -> 19 | J4: 2. Mục IV.2: Mặc định SV được 5đ. Nếu có tên trong DS IV.2 của Đoàn thì cộng thêm 2đ thành 7đ
A5: 3 | E5: 10 | F5: 5 | G5: 4 | H5: =SUM(E5:G5) -> 19 | J5: 3. Mục IV.3: Mặc định SV được 4đ. Nếu có tên trong DS IV.3 của Đoàn thì cộng thêm 4đ thành 8đ
A6: 4 | E6: 10 | F6: 5 | G6: 4 | H6: =SUM(E6:G6) -> 19
A7: 5 | E7: 10 | F7: 5 | G7: 4 | H7: =SUM(E7:G7) -> 19
A8: 6 | E8: 10 | F8: 5 | G8: 4 | H8: =SUM(E8:G8) -> 19
A9: 7 | E9: 10 | F9: 5 | G9: 4 | H9: =SUM(E9:G9) -> 19
A10: 8 | E10: 10 | F10: 5 | G10: 4 | H10: =SUM(E10:G10) -> 19
A11: 9 | E11: 10 | F11: 5 | G11: 4 | H11: =SUM(E11:G11) -> 19
A12: 10 | E12: 10 | F12: 5 | G12: 4 | H12: =SUM(E12:G12) -> 19
A13: 11 | E13: 10 | F13: 5 | G13: 4 | H13: =SUM(E13:G13) -> 19
A14: 12 | E14: 10 | F14: 5 | G14: 4 | H14: =SUM(E14:G14) -> 19
A15: 13 | E15: 10 | F15: 5 | G15: 4 | H15: =SUM(E15:G15) -> 19
A16: 14 | E16: 10 | F16: 5 | G16: 4 | H16: =SUM(E16:G16) -> 19
A17: 15 | E17: 10 | F17: 5 | G17: 4 | H17: =SUM(E17:G17) -> 19
... A34: 32 | E34: 10 | F34: 5 | G34: 4 | H34: =SUM(E34:G34) -> 19

Sheet Điểm TC 5
A1: STT | B1: Mã HSSV | C1: Họ và tên | D1: Điểm TB | E1: Cán bộ lớp, cán bộ đoàn | F1: SV đạt thành tích đặc biệt | G1: Tổng điểm TC 5
E2: CBL/CBĐ: 5; Mức độ HT: XS(5), tốt (3), hoàn thành (2), không HT (0) | F2: Xuất sắc; đạt giải kỳ thi tỉnh, bộ, quốc gia; NCKH, khởi nghiệp cấp trường giải ba trở lên; bằng khen của tỉnh, bộ, ngành, đoàn hội; hoạt động địa phương về đổi mới sáng tạo, chuyển đổi số (10) | G2: 10
A3: 1 | E3: 0 | G3: =IF(OR(F3="x",D3>=9),10,E3) -> 0 | I3: 1. Nếu SV là CBL, CBĐ thì mặc định 5đ, GVCN xem mức độ hoàn thành công việc để tự cho lên 7, 8 hoặc 10 điểm
A4: 2 | E4: 0 | G4: =IF(OR(F4="x",D4>=9),10,E4) -> 0 | I4: 2. Nếu SV có điểm TB >=9 thì đc 10 điểm
A5: 3 | E5: 0 | G5: =IF(OR(F5="x",D5>=9),10,E5) -> 0 | I5: 3. SV đạt thành tích đặc biệt thì đánh dấu x vào cột F
A6: 4 | E6: 0 | G6: =IF(OR(F6="x",D6>=9),10,E6) -> 0
A7: 5 | E7: 0 | G7: =IF(OR(F7="x",D7>=9),10,E7) -> 0
A8: 6 | E8: 0 | G8: =IF(OR(F8="x",D8>=9),10,E8) -> 0
A9: 7 | E9: 0 | G9: =IF(OR(F9="x",D9>=9),10,E9) -> 0
A10: 8 | E10: 0 | G10: =IF(OR(F10="x",D10>=9),10,E10) -> 0
A11: 9 | E11: 0 | G11: =IF(OR(F11="x",D11>=9),10,E11) -> 0
A12: 10 | E12: 8 | G12: =IF(OR(F12="x",D12>=9),10,E12) -> 8
A13: 11 | E13: 0 | G13: =IF(OR(F13="x",D13>=9),10,E13) -> 0
A14: 12 | E14: 0 | G14: =IF(OR(F14="x",D14>=9),10,E14) -> 0
A15: 13 | E15: 0 | G15: =IF(OR(F15="x",D15>=9),10,E15) -> 0
A16: 14 | E16: 0 | G16: =IF(OR(F16="x",D16>=9),10,E16) -> 0
A17: 15 | E17: 0 | G17: =IF(OR(F17="x",D17>=9),10,E17) -> 0
A18: 16 | E18: 0 | G18: =IF(OR(F18="x",D18>=9),10,E18) -> 0
A19: 17 | E19: 0 | F19: x | G19: =IF(OR(F19="x",D19>=9),10,E19) -> 10
A20: 18 | E20: 0 | G20: =IF(OR(F20="x",D20>=9),10,E20) -> 0
A21: 19 | E21: 0 | G21: =IF(OR(F21="x",D21>=9),10,E21) -> 0
A22: 20 | E22: 0 | G22: =IF(OR(F22="x",D22>=9),10,E22) -> 0
A23: 21 | E23: 0 | G23: =IF(OR(F23="x",D23>=9),10,E23) -> 0
A24: 22 | E24: 0 | G24: =IF(OR(F24="x",D24>=9),10,E24) -> 0
A25: 23 | E25: 10 | G25: =IF(OR(F25="x",D25>=9),10,E25) -> 10
A26: 24 | E26: 0 | G26: =IF(OR(F26="x",D26>=9),10,E26) -> 0
A27: 25 | E27: 0 | G27: =IF(OR(F27="x",D27>=9),10,E27) -> 0
A28: 26 | E28: 0 | G28: =IF(OR(F28="x",D28>=9),10,E28) -> 0
A29: 27 | E29: 0 | G29: =IF(OR(F29="x",D29>=9),10,E29) -> 0
A30: 28 | E30: 7 | G30: =IF(OR(F30="x",D30>=9),10,E30) -> 7
A31: 29 | E31: 0 | G31: =IF(OR(F31="x",D31>=9),10,E31) -> 0
... A34: 32 | E34: 0 | G34: =IF(OR(F34="x",D34>=9),10,E34) -> 0

Sheet DTB
A1: KẾT QUẢ HỌC TẬP KỲ
A2: TỔNG HỢP ĐIỂM HỌC KỲ | E2: DANH SÁCH HỌC PHẦN | BF2: KẾT QUẢ HỌC TẬP
A3: KỲ THỨ | E3: 5
A4: MÔN HỌC | E4: 211231- Đồ án 2 | L4: 211124- Lập trình Mobile cơ bản (2+1*) | R4: 211034- Phân tích thiết kế hướng đối tượng với UML(2+1*) | X4: 211125- Phát triển phần mềm hướng dịch vụ (2+1*) | AD4: 151140- Tiếng Anh 2 | AK4: 211011- Toán rời rạc | AQ4: 911504- Tư tưởng Hồ Chí Minh | AX4: 121249- Vật lý kỹ thuật
A5: SỐ TÍN CHỈ | E5: 3 | L5: 3 | R5: 3 | X5: 3 | AD5: 3 | AK5: 3 | AQ5: 2 | AX5: 4
A6: Mã SV | B6: Họ và tên | C6: Lớp | D6: Ngày sinh | E6: Đ1 | F6: Đ2 | G6: Thi | H6: H10 | I6: Chữ | J6: Số | K6: Ghi chú | L6: TH/TN | M6: Thi | N6: H10 | O6: Chữ | P6: Số | Q6: Ghi chú | R6: TH/TN | S6: Thi | T6: H10 | U6: Chữ | V6: Số | W6: Ghi chú | X6: TH/TN | Y6: Thi | Z6: H10 | AA6: Chữ | AB6: Số | AC6: Ghi chú | AD6: BT | AE6: TT | AF6: Thi | AG6: H10 | AH6: Chữ | AI6: Số | AJ6: Ghi chú | AK6: KT | AL6: Thi | AM6: H10 | AN6: Chữ | AO6: Số | AP6: Ghi chú | AQ6: CC | AR6: BT | AS6: Thi | AT6: H10 | AU6: Chữ | AV6: Số | AW6: Ghi chú | AX6: CC | AY6: BT | AZ6: GHP | BA6: Thi | BB6: H10 | BC6: Chữ | BD6: Số | BE6: Ghi chú | BF6: TBCHT H4 | BG6: TBCTL H4 | BH6: TBCHT H10 | BI6: Xếp loại | BJ6: Số.TC TLuỹ | BK6: Số.TC HT | BL6: HP Nợ | BM6: TC nợ
A7: 10122007 | B7: ĐÀO THẾ ANH | C7: 12522W.3 | D7: 38278 | E7: 7 | F7: 7 | H7: 6 | I7: C+ | J7: 2 | L7: 6.3 | N7: 6.9 | O7: C+ | P7: 2 | R7: 6.1 | T7: 7.1 | U7: B | V7: 3 | X7: 5 | Z7: 5 | AA7: D+ | AB7: 1 | AD7: 10 | AE7: 7 | AG7: 7.3 | AH7: B | AI7: 3 | AK7: 8 | AM7: 6.5 | AN7: C+ | AO7: 2 | AQ7: 9 | AR7: 8 | AT7: 7.7 | AU7: B | AV7: 3 | AX7: 7.5 | AY7: 9.5 | AZ7: 6 | BB7: 7.1 | BC7: B | BD7: 3 | BF7: 6.68 | BG7: 2.38 | BH7: 6.68 | BI7: TB Khá | BJ7: 24 | BK7: 24 | BM7: =BK7-BJ7 -> 0
A8: 10122032 | B8: PHẠM THẾ ANH | C8: 12522W.3 | D8: 38081 | E8: 8 | F8: 8 | H8: 7.8 | I8: B | J8: 3 | L8: 6.5 | N8: 6 | O8: C+ | P8: 2 | R8: 6.2 | T8: 5.9 | U8: C | V8: 2 | X8: 0 | Z8: 0(K) | AA8: F | AB8: 0 | AD8: 9.6 | AE8: 8 | AG8: 7.2 | AH8: B | AI8: 3 | AK8: 7.5 | AM8: 6.9 | AN8: C+ | AO8: 2 | AQ8: 10 | AR8: 7 | AT8: 7.9 | AU8: B | AV8: 3 | AX8: 9 | AY8: 9 | AZ8: 6.4 | BB8: 7.3 | BC8: B | BD8: 3 | BF8: 6.1 | BG8: 2.57 | BH8: 6.1 | BI8: TB Khá | BJ8: 21 | BK8: 24 | BL8: 1 | BM8: =BK8-BJ8 -> 3
A9: 10121480 | B9: NGUYỄN TIẾN DŨNG | C9: 12522W.3 | D9: 37971 | E9: 0 | F9: 0 | H9: 0(K) | I9: F | J9: 0 | L9: 0 | N9: 0(K) | O9: F | P9: 0 | R9: 0 | T9: 0(K) | U9: F | V9: 0 | X9: 0 | Z9: 0(K) | AA9: F | AB9: 0 | AD9: 0 | AE9: 0 | AG9: 0(K) | AH9: F | AI9: 0 | AK9: 0 | AM9: 0(K) | AN9: F | AO9: 0 | AQ9: 0 | AR9: 0 | AT9: 0(K) | AU9: F | AV9: 0 | AX9: 0 | AY9: 7 | AZ9: 5.6 | BB9: 2.1(K) | BC9: F | BD9: 0 | BF9: 0.35 | BG9: 0 | BH9: 0.35 | BJ9: 0 | BK9: 24 | BL9: 8 | BM9: =BK9-BJ9 -> 24
A10: 10122097 | B10: NGUYỄN VĂN DƯƠNG | C10: 12522W.3 | D10: 38202 | E10: 6 | F10: 6 | H10: 5.5 | I10: C | J10: 2 | L10: 6.7 | N10: 5.9 | O10: C | P10: 2 | R10: 6.1 | T10: 5.8 | U10: C | V10: 2 | X10: 5 | Z10: 5 | AA10: D+ | AB10: 1 | AD10: 10 | AE10: 5 | AG10: 6.5 | AH10: C+ | AI10: 2 | AK10: 7.6 | AM10: 6.3 | AN10: C+ | AO10: 2 | AQ10: 10 | AR10: 8 | AT10: 8.1 | AU10: B+ | AV10: 3 | AX10: 8 | AY10: 8.5 | AZ10: 7.2 | BB10: 7.3 | BC10: B | BD10: 3 | BF10: 6.27 | BG10: 2.13 | BH10: 6.27 | BI10: TB Khá | BJ10: 24 | BK10: 24 | BM10: =BK10-BJ10 -> 0
A11: 10122084 | B11: NGUYỄN ĐỨC DUY | C11: 12522W.3 | D11: 38262 | E11: 9 | F11: 8.5 | H11: 8.4 | I11: B+ | J11: 3 | L11: 9.5 | N11: 9.2 | O11: A+ | P11: 4 | R11: 8.2 | T11: 8.4 | U11: B+ | V11: 3 | X11: 8.5 | Z11: 8.5 | AA11: A | AB11: 4 | AD11: 10 | AE11: 8.5 | AG11: 8.5 | AH11: A | AI11: 4 | AK11: 8.5 | AM11: 9 | AN11: A+ | AO11: 4 | AQ11: 10 | AR11: 9 | AT11: 8.7 | AU11: A | AV11: 4 | AX11: 9.5 | AY11: 9.5 | AZ11: 8 | BB11: 8.3 | BC11: B+ | BD11: 3 | BF11: 8.61 | BG11: 3.58 | BH11: 8.61 | BI11: Giỏi | BJ11: 24 | BK11: 24 | BM11: =BK11-BJ11 -> 0
A12: 10122085 | B12: NGUYỄN ĐỨC DUY | C12: 12522W.3 | D12: 38299 | E12: 7 | F12: 7 | H12: 6.3 | I12: C+ | J12: 2 | L12: 8.2 | N12: 7.6 | O12: B | P12: 3 | R12: 7.9 | T12: 7 | U12: B | V12: 3 | X12: 6 | Z12: 6 | AA12: C+ | AB12: 2 | AD12: 9.6 | AE12: 7 | AG12: 7 | AH12: B | AI12: 3 | AK12: 8 | AM12: 7.9 | AN12: B | AO12: 3 | AQ12: 10 | AR12: 8 | AT12: 8.3 | AU12: B+ | AV12: 3 | AX12: 9.5 | AY12: 8.5 | AZ12: 8 | BB12: 8.3 | BC12: B+ | BD12: 3 | BF12: 7.3 | BG12: 2.75 | BH12: 7.3 | BI12: Khá | BJ12: 24 | BK12: 24 | BM12: =BK12-BJ12 -> 0
A13: 10122088 | B13: PHẠM NGỌC DUY | C13: 12522W.3 | D13: 38082 | E13: 8 | F13: 7.5 | H13: 7.4 | I13: B | J13: 3 | L13: 7.2 | N13: 6.6 | O13: C+ | P13: 2 | R13: 7.4 | T13: 7.7 | U13: B | V13: 3 | X13: 6 | Z13: 6 | AA13: C+ | AB13: 2 | AD13: 10 | AE13: 6 | AG13: 7.8 | AH13: B | AI13: 3 | AK13: 7 | AM13: 7.3 | AN13: B | AO13: 3 | AQ13: 10 | AR13: 8 | AT13: 8.4 | AU13: B+ | AV13: 3 | AX13: 9.5 | AY13: 8.5 | AZ13: 7.2 | BB13: 7.6 | BC13: B | BD13: 3 | BF13: 7.32 | BG13: 2.75 | BH13: 7.32 | BI13: Khá | BJ13: 24 | BK13: 24 | BM13: =BK13-BJ13 -> 0
A14: 10122122 | B14: HOÀNG HẢI ĐĂNG | C14: 12522W.3 | D14: 38180 | E14: 7 | F14: 7 | H14: 6 | I14: C+ | J14: 2 | L14: 7.4 | N14: 7.2 | O14: B | P14: 3 | R14: 8.1 | T14: 7.6 | U14: B | V14: 3 | X14: 0 | Z14: 0(K) | AA14: F | AB14: 0 | AD14: 10 | AE14: 8 | AG14: 8.3 | AH14: B+ | AI14: 3 | AK14: 8 | AM14: 5.7(L) | AN14: F | AO14: 2 | AQ14: 10 | AR14: 8 | AT14: 7.9 | AU14: B | AV14: 3 | AX14: 9 | AY14: 8.5 | AZ14: 7.2 | BB14: 7.7 | BC14: B | BD14: 3 | BF14: 6.29 | BG14: 2.83 | BH14: 6.29 | BI14: TB Khá | BJ14: 18 | BK14: 24 | BL14: 2 | BM14: =BK14-BJ14 -> 6
A15: 10122128 | B15: TĂNG VĂN ĐỨC | C15: 12522W.3 | D15: 38039 | E15: 8.5 | F15: 8.5 | H15: 7.8 | I15: B | J15: 3 | L15: 8.1 | N15: 8 | O15: B+ | P15: 3 | R15: 7.9 | T15: 8.5 | U15: A | V15: 4 | X15: 6.5 | Z15: 6.8 | AA15: C+ | AB15: 2 | AD15: 9.9 | AE15: 7 | AG15: 7.8 | AH15: B | AI15: 3 | AK15: 8.5 | AM15: 7.8 | AN15: B | AO15: 3 | AQ15: 9 | AR15: 8 | AT15: 7.8 | AU15: B | AV15: 3 | AX15: 8.5 | AY15: 9 | AZ15: 6.8 | BB15: 7.4 | BC15: B | BD15: 3 | BF15: 7.72 | BG15: 3 | BH15: 7.72 | BI15: Khá | BJ15: 24 | BK15: 24 | BM15: =BK15-BJ15 -> 0
A16: 12522026 | B16: HOÀNG VĂN HẢO | C16: 12522W.3 | D16: 38021 | E16: 8 | F16: 8 | H16: 7.8 | I16: B | J16: 3 | L16: 6.9 | N16: 6.5 | O16: C+ | P16: 2 | R16: 7.2 | T16: 7.1 | U16: B | V16: 3 | X16: 7 | Z16: 7 | AA16: B | AB16: 3 | AD16: 9.9 | AE16: 7 | AG16: 8.2 | AH16: B+ | AI16: 3 | AK16: 6.6 | AM16: 5.8 | AN16: C | AO16: 2 | AQ16: 10 | AR16: 8 | AT16: 8.5 | AU16: A | AV16: 4 | AX16: 8 | AY16: 9.5 | AZ16: 7.6 | BB16: 7.5 | BC16: B | BD16: 3 | BF16: 7.26 | BG16: 2.83 | BH16: 7.26 | BI16: Khá | BJ16: 24 | BK16: 24 | BM16: =BK16-BJ16 -> 0
A17: 10122173 | B17: TRƯƠNG THU HOÀI | C17: 12522W.3 | D17: 38194 | E17: 8.5 | F17: 8.5 | H17: 8.3 | I17: B+ | J17: 3 | L17: 6.9 | N17: 6.9 | O17: C+ | P17: 2 | R17: 8.5 | T17: 8.3 | U17: B+ | V17: 3 | X17: 7 | Z17: 7 | AA17: B | AB17: 3 | AD17: 10 | AE17: 7 | AG17: 8.2 | AH17: B+ | AI17: 3 | AK17: 8 | AM17: 6.8 | AN17: C+ | AO17: 2 | AQ17: 10 | AR17: 7 | AT17: 7.8 | AU17: B | AV17: 3 | AX17: 9.5 | AY17: 9.5 | AZ17: 8 | BB17: 8.2 | BC17: B+ | BD17: 3 | BF17: 7.7 | BG17: 2.75 | BH17: 7.7 | BI17: Khá | BJ17: 24 | BK17: 24 | BM17: =BK17-BJ17 -> 0
A18: 10122233 | B18: VŨ HOÀNG LINH | C18: 12522W.3 | D18: 37996 | E18: 8.5 | F18: 8.5 | H18: 8.5 | I18: A | J18: 4 | L18: 6.2 | N18: 5.9 | O18: C | P18: 2 | R18: 6.9 | T18: 6.5 | U18: C+ | V18: 2 | X18: 0 | Z18: 0(K) | AA18: F | AB18: 0 | AD18: 10 | AE18: 7 | AG18: 7.9 | AH18: B | AI18: 3 | AK18: 5 | AM18: 4.3(L) | AN18: F | AO18: 1 | AQ18: 10 | AR18: 8 | AT18: 7.9 | AU18: B | AV18: 3 | AX18: 6 | AY18: 9 | AZ18: 7.2 | BB18: 7 | BC18: B | BD18: 3 | BF18: 5.96 | BG18: 2.83 | BH18: 5.96 | BI18: Trung bình | BJ18: 18 | BK18: 24 | BL18: 2 | BM18: =BK18-BJ18 -> 6
A19: 10122234 | B19: CAO PHI LONG | C19: 12522W.3 | D19: 37583 | E19: 8 | F19: 8 | H19: 7.3 | I19: B | J19: 3 | L19: 8.7 | N19: 8.4 | O19: B+ | P19: 3 | R19: 7.8 | T19: 7.9 | U19: B | V19: 3 | X19: 9 | Z19: 9 | AA19: A+ | AB19: 4 | AD19: 9.9 | AE19: 8 | AG19: 8.4 | AH19: B+ | AI19: 3 | AK19: 8.5 | AM19: 8.9 | AN19: A | AO19: 4 | AQ19: 10 | AR19: 9 | AT19: 9 | AU19: A+ | AV19: 4 | AX19: 7 | AY19: 9.5 | AZ19: 6.4 | BB19: 8.2 | BC19: B+ | BD19: 3 | BF19: 8.35 | BG19: 3.33 | BH19: 8.35 | BI19: Giỏi | BJ19: 24 | BK19: 24 | BM19: =BK19-BJ19 -> 0
A20: 10122262 | B20: PHẠM ĐỨC MINH | C20: 12522W.3 | D20: 38043 | E20: 7 | F20: 8 | H20: 7.3 | I20: B | J20: 3 | L20: 7.7 | N20: 7.4 | O20: B | P20: 3 | R20: 7.5 | T20: 7 | U20: B | V20: 3 | X20: 6 | Z20: 6 | AA20: C+ | AB20: 2 | AD20: 10 | AE20: 7 | AG20: 8.1 | AH20: B+ | AI20: 3 | AK20: 7 | AM20: 6.5 | AN20: C+ | AO20: 2 | AQ20: 10 | AR20: 8 | AT20: 7.8 | AU20: B | AV20: 3 | AX20: 7.5 | AY20: 8 | AZ20: 6.8 | BB20: 8 | BC20: B+ | BD20: 3 | BF20: 7.27 | BG20: 2.75 | BH20: 7.27 | BI20: Khá | BJ20: 24 | BK20: 24 | BM20: =BK20-BJ20 -> 0
A21: 12522069 | B21: NGUYỄN ĐỨC HẢI NAM | C21: 12522W.3 | D21: 38318 | E21: 6 | F21: 6 | H21: 5.5 | I21: C | J21: 2 | L21: 6.6 | N21: 5.8 | O21: C | P21: 2 | R21: 6.5 | T21: 6 | U21: C+ | V21: 2 | X21: 5 | Z21: 5 | AA21: D+ | AB21: 1 | AD21: 10 | AE21: 7 | AG21: 7.4 | AH21: B | AI21: 3 | AK21: 7 | AM21: 8.3 | AN21: B+ | AO21: 3 | AQ21: 10 | AR21: 8 | AT21: 7.2 | AU21: B | AV21: 3 | AX21: 9.5 | AY21: 9.5 | AZ21: 7.2 | BB21: 7.5 | BC21: B | BD21: 3 | BF21: 6.6 | BG21: 2.38 | BH21: 6.6 | BI21: TB Khá | BJ21: 24 | BK21: 24 | BM21: =BK21-BJ21 -> 0
A22: 10122290 | B22: DƯƠNG NGUYỄN GIA PHÚ | C22: 12522W.3 | D22: 38047 | E22: 8 | F22: 8 | H22: 7.8 | I22: B | J22: 3 | L22: 7.6 | N22: 7.1 | O22: B | P22: 3 | R22: 7.5 | T22: 7.5 | U22: B | V22: 3 | X22: 6 | Z22: 6 | AA22: C+ | AB22: 2 | AD22: 10 | AE22: 7 | AG22: 8.1 | AH22: B+ | AI22: 3 | AK22: 6.2 | AM22: 7 | AN22: B | AO22: 3 | AQ22: 10 | AR22: 8 | AT22: 8.3 | AU22: B+ | AV22: 3 | AX22: 7.5 | AY22: 9.5 | AZ22: 6.4 | BB22: 7.1 | BC22: B | BD22: 3 | BF22: 7.31 | BG22: 2.88 | BH22: 7.31 | BI22: Khá | BJ22: 24 | BK22: 24 | BM22: =BK22-BJ22 -> 0
A23: 12522087 | B23: PHẠM ĐÌNH SƠN | C23: 12522W.3 | D23: 38194 | E23: 7 | F23: 8 | H23: 7 | I23: B | J23: 3 | L23: 8.9 | N23: 8.4 | O23: B+ | P23: 3 | R23: 8 | T23: 7.5 | U23: B | V23: 3 | X23: 7 | Z23: 6.8 | AA23: C+ | AB23: 2 | AD23: 10 | AE23: 7 | AG23: 6.9 | AH23: C+ | AI23: 2 | AK23: 6.5 | AM23: 8 | AN23: B+ | AO23: 3 | AQ23: 10 | AR23: 8 | AT23: 7.6 | AU23: B | AV23: 3 | AX23: 9.5 | AY23: 9 | AZ23: 6.8 | BB23: 7.2 | BC23: B | BD23: 3 | BF23: 7.41 | BG23: 2.75 | BH23: 7.41 | BI23: Khá | BJ23: 24 | BK23: 24 | BM23: =BK23-BJ23 -> 0
A24: 10122368 | B24: LÊ MINH TRÍ | C24: 12522W.3 | D24: 37987 | E24: 8 | F24: 5 | H24: 7 | I24: B | J24: 3 | L24: 7.9 | N24: 7.9 | O24: B | P24: 3 | R24: 8.6 | T24: 8.3 | U24: B+ | V24: 3 | X24: 7.5 | Z24: 7.5 | AA24: B | AB24: 3 | AD24: 10 | AE24: 6 | AG24: 8 | AH24: B+ | AI24: 3 | AK24: 7.5 | AM24: 7.3 | AN24: B | AO24: 3 | AQ24: 10 | AR24: 8 | AT24: 7.9 | AU24: B | AV24: 3 | AX24: 7 | AY24: 9 | AZ24: 7.2 | BB24: 7.3 | BC24: B | BD24: 3 | BF24: 7.63 | BG24: 3 | BH24: 7.63 | BI24: Khá | BJ24: 24 | BK24: 24 | BM24: =BK24-BJ24 -> 0
A25: 10122382 | B25: NGUYỄN VĂN TRƯỞNG | C25: 12522W.3 | D25: 38005 | E25: 7.5 | F25: 7.5 | H25: 7.3 | I25: B | J25: 3 | L25: 6.8 | N25: 6.4 | O25: C+ | P25: 2 | R25: 7.2 | T25: 6.4 | U25: C+ | V25: 2 | X25: 6 | Z25: 5.8 | AA25: C | AB25: 2 | AD25: 9.9 | AE25: 7 | AG25: 8.1 | AH25: B+ | AI25: 3 | AK25: 6.7 | AM25: 6.6 | AN25: C+ | AO25: 2 | AQ25: 9 | AR25: 8 | AT25: 7.7 | AU25: B | AV25: 3 | AX25: 8.5 | AY25: 8 | AZ25: 7.6 | BB25: 7.6 | BC25: B | BD25: 3 | BF25: 6.98 | BG25: 2.5 | BH25: 6.98 | BI25: TB Khá | BJ25: 24 | BK25: 24 | BM25: =BK25-BJ25 -> 0
A26: 10122392 | B26: NGUYỄN MINH TUẤN | C26: 12522W.3 | D26: 38181 | E26: 8 | F26: 8 | H26: 7.8 | I26: B | J26: 3 | L26: 6.6 | N26: 6.6 | O26: C+ | P26: 2 | R26: 7.9 | T26: 7.5 | U26: B | V26: 3 | X26: 0 | Z26: 0(K) | AA26: F | AB26: 0 | AD26: 10 | AE26: 7 | AG26: 8.1 | AH26: B+ | AI26: 3 | AK26: 7 | AM26: 5.4(L) | AN26: F | AO26: 1 | AQ26: 9 | AR26: 8 | AT26: 7.7 | AU26: B | AV26: 3 | AX26: 7.5 | AY26: 8 | AZ26: 6.4 | BB26: 7.1 | BC26: B | BD26: 3 | BF26: 6.25 | BG26: 2.83 | BH26: 6.25 | BI26: TB Khá | BJ26: 18 | BK26: 24 | BL26: 2 | BM26: =BK26-BJ26 -> 6
A27: 11222286 | B27: NGUYỄN THANH TÙNG | C27: 12522W.3 | D27: 38255 | E27: 8.5 | F27: 8.5 | H27: 8.5 | I27: A | J27: 4 | L27: 6.3 | N27: 6.1 | O27: C+ | P27: 2 | R27: 8 | T27: 6.8 | U27: C+ | V27: 2 | X27: 7 | Z27: 7 | AA27: B | AB27: 3 | AD27: 9.9 | AE27: 6 | AG27: 8 | AH27: B+ | AI27: 3 | AK27: 7 | AM27: 6 | AN27: C+ | AO27: 2 | AQ27: 10 | AR27: 8 | AT27: 8.2 | AU27: B+ | AV27: 3 | AX27: 9.5 | AY27: 9 | AZ27: 8 | BB27: 7.3 | BC27: B | BD27: 3 | BF27: 7.2 | BG27: 2.75 | BH27: 7.2 | BI27: Khá | BJ27: 24 | BK27: 24 | BM27: =BK27-BJ27 -> 0
A28: 11022222 | B28: PHẠM HUY VINH | C28: 12522W.3 | D28: 38098 | E28: 8 | F28: 8 | H28: 7.5 | I28: B | J28: 3 | L28: 6.7 | N28: 7 | O28: B | P28: 3 | R28: 7.7 | T28: 7.9 | U28: B | V28: 3 | X28: 7 | Z28: 6.8 | AA28: C+ | AB28: 2 | AD28: 10 | AE28: 8 | AG28: 8.3 | AH28: B+ | AI28: 3 | AK28: 7.1 | AM28: 6.1 | AN28: C+ | AO28: 2 | AQ28: 10 | AR28: 7 | AT28: 8.3 | AU28: B+ | AV28: 3 | AX28: 9.5 | AY28: 9.5 | AZ28: 7.6 | BB28: 7.9 | BC28: B | BD28: 3 | BF28: 7.46 | BG28: 2.75 | BH28: 7.46 | BI28: Khá | BJ28: 24 | BK28: 24 | BM28: =BK28-BJ28 -> 0
